{"cameraMode":{"drawMode":0,"name":"Shaded","section":"Shading Mode"},"sceneLighting":false,"audioPlay":false,"sceneViewState":{"m_AlwaysRefresh":false,"showFog":true,"showSkybox":false,"showFlares":true,"showImageEffects":true,"showParticleSystems":true,"showVisualEffectGraphs":true,"m_FxEnabled":true},"in2DMode":false,"pivot":{"x":0.2922852039337158,"y":3.9912455081939699,"z":-0.11125326156616211},"rotation":{"x":0.15736143290996552,"y":0.7808984518051148,"z":-0.2175329029560089,"w":0.5640850067138672},"size":4.627840995788574,"orthographic":false}