{"cameraMode":{"drawMode":0,"name":"Shaded","section":"Shading Mode"},"sceneLighting":false,"audioPlay":false,"sceneViewState":{"m_AlwaysRefresh":false,"showFog":true,"showSkybox":false,"showFlares":true,"showImageEffects":true,"showParticleSystems":true,"showVisualEffectGraphs":true,"m_FxEnabled":true},"in2DMode":false,"pivot":{"x":-0.24542784690856934,"y":1.4932066202163697,"z":-0.08125782012939453},"rotation":{"x":0.08813875168561936,"y":-0.9020857214927673,"z":0.2210935801267624,"w":0.36013033986091616},"size":4.939876079559326,"orthographic":false}