{"cameraMode":{"drawMode":0,"name":"Shaded","section":"Shading Mode"},"sceneLighting":false,"audioPlay":false,"sceneViewState":{"m_AlwaysRefresh":false,"showFog":true,"showSkybox":false,"showFlares":true,"showImageEffects":true,"showParticleSystems":true,"showVisualEffectGraphs":true,"m_FxEnabled":true},"in2DMode":false,"pivot":{"x":0.9982390403747559,"y":19.217334747314454,"z":-0.9359704256057739},"rotation":{"x":0.15736143290996552,"y":0.7808984518051148,"z":-0.2175329029560089,"w":0.5640850067138672},"size":20.705204010009767,"orthographic":false}