{"cameraMode":{"drawMode":0,"name":"Shaded","section":"Shading Mode"},"sceneLighting":false,"audioPlay":false,"sceneViewState":{"m_AlwaysRefresh":false,"showFog":true,"showSkybox":false,"showFlares":true,"showImageEffects":true,"showParticleSystems":true,"showVisualEffectGraphs":true,"m_FxEnabled":true},"in2DMode":false,"pivot":{"x":-0.03741025924682617,"y":7.953875541687012,"z":0.21394848823547364},"rotation":{"x":0.08813875168561936,"y":-0.9020857214927673,"z":0.2210935801267624,"w":0.36013033986091616},"size":9.619686126708985,"orthographic":false}