{"cameraMode":{"drawMode":0,"name":"Shaded","section":"Shading Mode"},"sceneLighting":false,"audioPlay":false,"sceneViewState":{"m_AlwaysRefresh":false,"showFog":true,"showSkybox":false,"showFlares":true,"showImageEffects":true,"showParticleSystems":true,"showVisualEffectGraphs":true,"m_FxEnabled":true},"in2DMode":false,"pivot":{"x":-3.308622121810913,"y":0.5537205934524536,"z":-1.7670694589614869},"rotation":{"x":0.08209041506052017,"y":-0.8653466105461121,"z":0.15109853446483613,"w":0.47086042165756228},"size":4.4549336433410648,"orthographic":false}