{"cameraMode":{"drawMode":0,"name":"Shaded","section":"Shading Mode"},"sceneLighting":false,"audioPlay":false,"sceneViewState":{"m_AlwaysRefresh":false,"showFog":true,"showSkybox":false,"showFlares":true,"showImageEffects":true,"showParticleSystems":true,"showVisualEffectGraphs":true,"m_FxEnabled":true},"in2DMode":false,"pivot":{"x":-0.16102683544158936,"y":0.8234190940856934,"z":0.2138054370880127},"rotation":{"x":0.08813875168561936,"y":-0.9020857214927673,"z":0.2210935801267624,"w":0.36013033986091616},"size":2.740546226501465,"orthographic":false}