{"cameraMode":{"drawMode":0,"name":"Shaded","section":"Shading Mode"},"sceneLighting":false,"audioPlay":false,"sceneViewState":{"m_AlwaysRefresh":false,"showFog":true,"showSkybox":false,"showFlares":true,"showImageEffects":true,"showParticleSystems":true,"showVisualEffectGraphs":true,"m_FxEnabled":true},"in2DMode":false,"pivot":{"x":-0.5945749282836914,"y":11.844972610473633,"z":-0.7818136215209961},"rotation":{"x":0.15736143290996552,"y":0.7808984518051148,"z":-0.2175329029560089,"w":0.5640850067138672},"size":14.625741004943848,"orthographic":false}