{"cameraMode":{"drawMode":0,"name":"Shaded","section":"Shading Mode"},"sceneLighting":false,"audioPlay":false,"sceneViewState":{"m_AlwaysRefresh":false,"showFog":true,"showSkybox":false,"showFlares":true,"showImageEffects":true,"showParticleSystems":true,"showVisualEffectGraphs":true,"m_FxEnabled":true},"in2DMode":false,"pivot":{"x":-0.06691038608551026,"y":3.522921085357666,"z":-0.08810710906982422},"rotation":{"x":-0.17335058748722077,"y":-0.7760679721832275,"z":0.24083511531352998,"w":-0.5568066239356995},"size":4.247398376464844,"orthographic":false}